Workbook

Sheet CAGR
B2: Liquor Category | C2: ='r.cagr'!B1 -> CAGR
B3: ='r.cagr'!A2 -> MEZCAL | C3: ='r.cagr'!B2 -> 0.26651083
B4: ='r.cagr'!A3 -> DISTILLED SPIRITS | C4: ='r.cagr'!B3 -> 0.20454524
B5: ='r.cagr'!A4 -> TEQUILA | C5: ='r.cagr'!B4 -> 0.12248777
B6: ='r.cagr'!A5 -> COCKTAILS/RTD | C6: ='r.cagr'!B5 -> 0.12081909
B7: ='r.cagr'!A6 -> LIQUEUR | C7: ='r.cagr'!B6 -> 0.067045858
B8: ='r.cagr'!A7 -> WHISKY | C8: ='r.cagr'!B7 -> 0.066275172
B9: ='r.cagr'!A8 -> BRANDIES | C9: ='r.cagr'!B8 -> 0.054404117
B10: ='r.cagr'!A9 -> SCHNAPPS | C10: ='r.cagr'!B9 -> 0.049983024
B11: ='r.cagr'!A10 -> GIN | C11: ='r.cagr'!B10 -> 0.04058774
B12: ='r.cagr'!A11 -> OTHER | C12: ='r.cagr'!B11 -> 0.038517615
B13: ='r.cagr'!A12 -> RUM | C13: ='r.cagr'!B12 -> 0.026752352
B14: ='r.cagr'!A13 -> VODKA | C14: ='r.cagr'!B13 -> 0.026343929
B15: ='r.cagr'!A14 -> UNKNOWN | C15: ='r.cagr'!B14 -> -0.18654072

Sheet r.cagr
A1: Liquor Category | B1: CAGR
A2: MEZCAL | B2: 0.26651083
A3: DISTILLED SPIRITS | B3: 0.20454524
A4: TEQUILA | B4: 0.12248777
A5: COCKTAILS/RTD | B5: 0.12081909
A6: LIQUEUR | B6: 0.067045858
A7: WHISKY | B7: 0.066275172
A8: BRANDIES | B8: 0.054404117
A9: SCHNAPPS | B9: 0.049983024
A10: GIN | B10: 0.04058774
A11: OTHER | B11: 0.038517615
A12: RUM | B12: 0.026752352
A13: VODKA | B13: 0.026343929
A14: UNKNOWN | B14: -0.18654072
