Workbook

Sheet Top ten retailers (sales)
A1: 2017 | B1: 2018 | C1: 2019 | D1: 2020 | E1: 2021
A2: ='r.top ten retailers (sales)'!A2 -> HY-VEE | B2: ='r.top ten retailers (sales)'!B2 -> HY-VEE | C2: ='r.top ten retailers (sales)'!C2 -> HY-VEE | D2: ='r.top ten retailers (sales)'!D2 -> HY-VEE | E2: ='r.top ten retailers (sales)'!E2 -> HY-VEE
A3: ='r.top ten retailers (sales)'!A3 -> FAREWAY | B3: ='r.top ten retailers (sales)'!B3 -> FAREWAY | C3: ='r.top ten retailers (sales)'!C3 -> FAREWAY | D3: ='r.top ten retailers (sales)'!D3 -> FAREWAY | E3: ='r.top ten retailers (sales)'!E3 -> FAREWAY
A4: ='r.top ten retailers (sales)'!A4 -> SAMS CLUB | B4: ='r.top ten retailers (sales)'!B4 -> WAL-MART | C4: ='r.top ten retailers (sales)'!C4 -> WAL-MART | D4: ='r.top ten retailers (sales)'!D4 -> WAL-MART | E4: ='r.top ten retailers (sales)'!E4 -> WAL-MART
A5: ='r.top ten retailers (sales)'!A5 -> CASEYS | B5: ='r.top ten retailers (sales)'!B5 -> SAMS CLUB | C5: ='r.top ten retailers (sales)'!C5 -> SAMS CLUB | D5: ='r.top ten retailers (sales)'!D5 -> SAMS CLUB | E5: ='r.top ten retailers (sales)'!E5 -> CENTRAL CITY LIQUOR
A6: ='r.top ten retailers (sales)'!A6 -> WAL-MART | B6: ='r.top ten retailers (sales)'!B6 -> CASEYS | C6: ='r.top ten retailers (sales)'!C6 -> CENTRAL CITY LIQUOR | D6: ='r.top ten retailers (sales)'!D6 -> CENTRAL CITY LIQUOR | E6: ='r.top ten retailers (sales)'!E6 -> SAMS CLUB
A7: ='r.top ten retailers (sales)'!A7 -> CENTRAL CITY LIQUOR | B7: ='r.top ten retailers (sales)'!B7 -> CENTRAL CITY LIQUOR | C7: ='r.top ten retailers (sales)'!C7 -> CASEYS | D7: ='r.top ten retailers (sales)'!D7 -> CASEYS | E7: ='r.top ten retailers (sales)'!E7 -> CASEYS
A8: ='r.top ten retailers (sales)'!A8 -> COSTCO WHOLESALE | B8: ='r.top ten retailers (sales)'!B8 -> COSTCO WHOLESALE | C8: ='r.top ten retailers (sales)'!C8 -> KUM & GO | D8: ='r.top ten retailers (sales)'!D8 -> KUM & GO | E8: ='r.top ten retailers (sales)'!E8 -> KUM & GO
A9: ='r.top ten retailers (sales)'!A9 -> KUM & GO | B9: ='r.top ten retailers (sales)'!B9 -> KUM & GO | C9: ='r.top ten retailers (sales)'!C9 -> COSTCO WHOLESALE | D9: ='r.top ten retailers (sales)'!D9 -> COSTCO WHOLESALE | E9: ='r.top ten retailers (sales)'!E9 -> TARGET
A10: ='r.top ten retailers (sales)'!A10 -> TARGET | B10: ='r.top ten retailers (sales)'!B10 -> TARGET | C10: ='r.top ten retailers (sales)'!C10 -> WILKIE LIQUORS | D10: ='r.top ten retailers (sales)'!D10 -> TARGET | E10: ='r.top ten retailers (sales)'!E10 -> COSTCO WHOLESALE
A11: ='r.top ten retailers (sales)'!A11 -> BENZ DISTRIBUTING | B11: ='r.top ten retailers (sales)'!B11 -> WALGREENS | C11: ='r.top ten retailers (sales)'!C11 -> LOT-A-SPIRITS | D11: ='r.top ten retailers (sales)'!D11 -> WILKIE LIQUORS | E11: ='r.top ten retailers (sales)'!E11 -> WALGREENS

Sheet r.top ten retailers (sales)
A1: Cleaned Store Name | B1: Cleaned Store Name | C1: Cleaned Store Name | D1: Cleaned Store Name | E1: Cleaned Store Name
A2: HY-VEE | B2: HY-VEE | C2: HY-VEE | D2: HY-VEE | E2: HY-VEE
A3: FAREWAY | B3: FAREWAY | C3: FAREWAY | D3: FAREWAY | E3: FAREWAY
A4: SAMS CLUB | B4: WAL-MART | C4: WAL-MART | D4: WAL-MART | E4: WAL-MART
A5: CASEYS | B5: SAMS CLUB | C5: SAMS CLUB | D5: SAMS CLUB | E5: CENTRAL CITY LIQUOR
A6: WAL-MART | B6: CASEYS | C6: CENTRAL CITY LIQUOR | D6: CENTRAL CITY LIQUOR | E6: SAMS CLUB
A7: CENTRAL CITY LIQUOR | B7: CENTRAL CITY LIQUOR | C7: CASEYS | D7: CASEYS | E7: CASEYS
A8: COSTCO WHOLESALE | B8: COSTCO WHOLESALE | C8: KUM & GO | D8: KUM & GO | E8: KUM & GO
A9: KUM & GO | B9: KUM & GO | C9: COSTCO WHOLESALE | D9: COSTCO WHOLESALE | E9: TARGET
A10: TARGET | B10: TARGET | C10: WILKIE LIQUORS | D10: TARGET | E10: COSTCO WHOLESALE
A11: BENZ DISTRIBUTING | B11: WALGREENS | C11: LOT-A-SPIRITS | D11: WILKIE LIQUORS | E11: WALGREENS
